date,साइबर सिटी,सदर बाजार,ग्वालियर,दिल्ली बाजार,गांधी नगर,श्री गणेश,करोल बाग,फरीदाबाद,कश्मीरी डे,अलवर,गाज़ियाबाद,गंगा नाइट,गली,दिसावर
01-09-2026,48,57,89,58,56,-,-,-,-,-,-,-,-,-
02-09-2026,23,87,79,52,19,-,-,-,-,-,-,-,-,-
03-09-2026,51,65,82,88,74,-,-,-,-,-,-,-,-,-
04-09-2026,18,62,03,18,81,-,-,-,-,-,-,-,-,-
05-09-2026,89,37,86,44,59,-,-,-,-,-,-,-,-,-
06-09-2026,14,23,32,71,04,-,-,-,-,-,-,-,-,-
07-09-2026,46,51,29,61,25,-,-,-,-,-,-,-,-,-
08-09-2026,66,42,80,84,42,-,-,-,-,-,-,-,-,-
09-09-2026,26,66,30,18,59,-,-,-,-,-,-,-,-,-
10-09-2026,64,12,36,52,01,-,-,-,-,-,-,-,-,-
11-09-2026,33,11,17,59,86,-,-,-,-,-,-,-,-,-
